Planning du personnel – semaine 39 (du 21 au 27 septembre 2026);;;;;;;;
;;;;;;;;
;Lundi 21;Mardi 22;Mercredi 23;Jeudi 24;Vendredi 25;Samedi 26;Dimanche 27;Total heures
Camille (vente);6h-13h;6h-13h;Repos;6h-13h;6h-13h;6h-13h;Repos;35
Léa (vente);13h-20h;13h-20h;Repos;13h-20h;13h-20h;Repos;7h-13h;34
Mathis (boulanger);3h-10h;3h-10h;Repos;3h-10h;3h-10h;3h-11h;Repos;36
Yanis (apprenti);École;École;Repos;4h-11h;4h-11h;4h-11h;Repos;21 + école
Sophie (pâtisserie);5h-12h;Repos;Repos;5h-12h;5h-12h;5h-13h;6h-12h;36
Nadia (vente);Repos;Repos;Repos;10h-14h;10h-14h;9h-19h;7h-13h;24
;;;;;;;;
Fermeture hebdomadaire le mercredi.;;;;;;;;
Merci de noter vos demandes de congés avant le 15 du mois.;;;;;;;;
